0,1,2,3,4,5,6,7,8,9,10,11,12,13,14,15,16,17,18,19,20,21,22,23,24,25,26,27,28,29,30,31,32,33,34,35,36,37,38,39,40,41,42,43,44,45,46,47,48,49,50,51,52,53,54,55,56,57,58,59,60,61,62,63
0.47119733691215515,0.7205344438552856,-8.164455493897549e-07,0.5785297751426697,0.6752553582191467,-0.04780051112174988,0.6670787334442139,0.5670307874679565,-0.05765094235539436,0.6940118074417114,0.4623316824436188,-0.0633070096373558,0.6431426405906677,0.40916162729263306,-0.05638346076011658,0.596953272819519,0.4988902509212494,-0.012654571793973446,0.6111975908279419,0.4359169602394104,-0.06347674876451492,0.6001505851745605,0.5196535587310791,-0.08250518143177032,0.582772970199585,0.5328242778778076,-0.08949148654937744,0.5200380086898804,0.4987305998802185,-0.00743178790435195,0.5289283990859985,0.44992613792419434,-0.06174083426594734,0.5369683504104614,0.549828052520752,-0.0637693852186203,0.5253149271011353,0.5456476807594299,-0.0544157475233078,0.4465697407722473,0.5084134936332703,-0.013393825851380825,0.4538366496562958,0.4615890681743622,-0.07532674819231033,0.46959853172302246,0.5544068813323975,-0.0483432300388813,0.4574352204799652,0.5603523254394531,-0.01677360013127327,0.3675491511821747,0.5192865133285522,-0.02292541414499283,0.38780081272125244,0.48569339513778687,-0.05613918974995613,0.40435105562210083,0.5480048060417175,-0.030776573345065117,0.3930843472480774,0.5613023638725281,-0.004232210572808981,A
0.445040762424469,0.6297831535339355,-1.2624634564417647e-06,0.5956377387046814,0.5674317479133606,-0.05750441551208496,0.6853920817375183,0.47155940532684326,-0.07263287156820297,0.7021768689155579,0.3807764947414398,-0.08686339855194092,0.6468422412872314,0.31576329469680786,-0.09112224727869034,0.601351797580719,0.41531357169151306,-0.015820961445569992,0.6050485372543335,0.36774560809135437,-0.10523779690265656,0.579618513584137,0.4415702819824219,-0.14465728402137756,0.5627425909042358,0.49626198410987854,-0.14994463324546814,0.4971904456615448,0.4153745174407959,-0.014887903816998005,0.49836498498916626,0.35447508096694946,-0.11980202049016953,0.4903174936771393,0.4475894570350647,-0.13682204484939575,0.4933357238769531,0.5082647204399109,-0.11669415235519409,0.39816713333129883,0.42354774475097656,-0.02881884202361107,0.3954511284828186,0.3775418996810913,-0.13538780808448792,0.41006380319595337,0.46800515055656433,-0.11087276041507721,0.4253648817539215,0.52213454246521,-0.05859578400850296,0.29503530263900757,0.4397326111793518,-0.046562742441892624,0.31026536226272583,0.3905482292175293,-0.10858946293592453,0.3298349380493164,0.45002368092536926,-0.0810086727142334,0.3387514054775238,0.4882830083370209,-0.03890663757920265,A
0.391024112701416,0.738888680934906,-1.9960893951065373e-06,0.6048657894134521,0.6632516980171204,-0.03707392141222954,0.7231153845787048,0.5189114212989807,-0.03613404184579849,0.7767825126647949,0.40496304631233215,-0.03589111566543579,0.8616921901702881,0.34256696701049805,-0.008656350895762444,0.6269219517707825,0.43843474984169006,-0.0024706919211894274,0.6342476010322571,0.3572688698768616,-0.09746391326189041,0.6016737222671509,0.4684690237045288,-0.1211831122636795,0.5804277658462524,0.4825652837753296,-0.1300368309020996,0.4655655026435852,0.44091978669166565,-0.02061312459409237,0.46972593665122986,0.3591620624065399,-0.1358504444360733,0.4802064001560211,0.49102938175201416,-0.13141417503356934,0.4674810469150543,0.4919126331806183,-0.10474780201911926,0.3148754835128784,0.4591403603553772,-0.054339487105607986,0.30786800384521484,0.386310338973999,-0.1706724911928177,0.34565269947052,0.5112371444702148,-0.10478170216083527,0.3394666910171509,0.5133106708526611,-0.03671235218644142,0.16576576232910156,0.48279276490211487,-0.09050378948450089,0.16549065709114075,0.4407234489917755,-0.14523544907569885,0.21689537167549133,0.5262531042098999,-0.0869327038526535,0.22253841161727905,0.5372509360313416,-0.03236353397369385,A
0.4711816608905792,0.63703852891922,-1.6675489860062953e-06,0.6599245071411133,0.573767364025116,-0.11677645891904831,0.7910420894622803,0.45503827929496765,-0.15438370406627655,0.811674177646637,0.3398975133895874,-0.17143560945987701,0.8662512302398682,0.25869858264923096,-0.16105228662490845,0.6400672197341919,0.3549424707889557,-0.09866796433925629,0.6795970797538757,0.32361799478530884,-0.19698801636695862,0.676359236240387,0.4264878034591675,-0.21709616482257843,0.6486195921897888,0.44762587547302246,-0.21997860074043274,0.49347493052482605,0.3573719561100006,-0.07878197729587555,0.5298891067504883,0.3451731503009796,-0.1935671716928482,0.5560615062713623,0.45651909708976746,-0.2013849914073944,0.5424067378044128,0.45514947175979614,-0.18951253592967987,0.36518594622612,0.37889426946640015,-0.0758514478802681,0.38686683773994446,0.36913853883743286,-0.19461190700531006,0.43736669421195984,0.4715583920478821,-0.15274788439273834,0.4344271123409271,0.4722124934196472,-0.10401279479265213,0.23885196447372437,0.4088268578052521,-0.08126992732286453,0.2564604878425598,0.40645450353622437,-0.149156853556633,0.3233754634857178,0.472888708114624,-0.11646562069654465,0.3337118923664093,0.47675174474716187,-0.07845920324325562,A
0.45286625623703003,0.7662657499313354,-1.9745327790587908e-06,0.6483745574951172,0.7214912176132202,-0.1305765062570572,0.7842920422554016,0.5965973138809204,-0.18211200833320618,0.8030050992965698,0.4804622232913971,-0.21379338204860687,0.8693580627441406,0.397061824798584,-0.22111107409000397,0.6497575044631958,0.4696981608867645,-0.11286541819572449,0.6941314339637756,0.47747790813446045,-0.2237148880958557,0.6811487674713135,0.5840362906455994,-0.2560358941555023,0.6448075771331787,0.5981465578079224,-0.27071401476860046,0.4851287603378296,0.4596177041530609,-0.0931922197341919,0.5246652364730835,0.4991987347602844,-0.2121516466140747,0.5483062267303467,0.6158762574195862,-0.213296577334404,0.5385655760765076,0.6083433628082275,-0.19602644443511963,0.3396407663822174,0.4815179109573364,-0.09502384811639786,0.3709486424922943,0.5300129652023315,-0.22258855402469635,0.4241204261779785,0.6312275528907776,-0.18686941266059875,0.4279610514640808,0.6205861568450928,-0.14287656545639038,0.20532244443893433,0.5140132308006287,-0.10791927576065063,0.24032685160636902,0.5661037564277649,-0.191829651594162,0.3025369644165039,0.6366304755210876,-0.1777268946170807,0.3162861764431,0.6293101906776428,-0.15238003432750702,A
0.47677168250083923,0.7638709545135498,-1.1080186368417344e-06,0.6034728288650513,0.7278323173522949,-0.06367567926645279,0.6925323009490967,0.633022665977478,-0.07917211949825287,0.7290071249008179,0.5527041554450989,-0.08728165924549103,0.7847838401794434,0.5080103278160095,-0.07759149372577667,0.6156891584396362,0.5688864588737488,-0.02454525977373123,0.6137437224388123,0.5014885067939758,-0.09629043936729431,0.5982388257980347,0.5739468932151794,-0.11918456107378006,0.5917452573776245,0.6056350469589233,-0.12079867720603943,0.5097762942314148,0.5726497173309326,-0.01192397903650999,0.4975431561470032,0.518276572227478,-0.08090510219335556,0.5079599022865295,0.6021153926849365,-0.0759744793176651,0.5157756805419922,0.6154341101646423,-0.052751392126083374,0.41062700748443604,0.5829627513885498,-0.015022504143416882,0.39088165760040283,0.5307909250259399,-0.08545377850532532,0.419426292181015,0.6079578995704651,-0.04759405925869942,0.43140333890914917,0.6233861446380615,-0.002327644731849432,0.31562545895576477,0.5980706810951233,-0.0236422810703516,0.2987341284751892,0.5596675872802734,-0.06009586900472641,0.3340371251106262,0.6107867360115051,-0.028740745037794113,0.3540865480899811,0.6256579160690308,0.007368321530520916,A
0.4830201268196106,0.6738938093185425,-4.4959364231544896e-07,0.5769354701042175,0.6494176387786865,-0.05921923369169235,0.6699142456054688,0.5293925404548645,-0.06780904531478882,0.6760998964309692,0.4145146608352661,-0.06412398815155029,0.6077957153320312,0.37567293643951416,-0.047392405569553375,0.5885939598083496,0.4511774778366089,-0.03259628638625145,0.584796667098999,0.403888463973999,-0.07936398684978485,0.5815595388412476,0.48354271054267883,-0.10036684572696686,0.5750755667686462,0.48840275406837463,-0.10982034355401993,0.5118207931518555,0.4623163938522339,-0.015893902629613876,0.5056374669075012,0.41449034214019775,-0.06175098940730095,0.5223876237869263,0.5209487676620483,-0.0632859393954277,0.5261715650558472,0.5107733011245728,-0.05382644385099411,0.4473758339881897,0.4762318730354309,-0.009215675294399261,0.4362623691558838,0.4382784366607666,-0.058989375829696655,0.46262994408607483,0.5324000120162964,-0.03512251004576683,0.46899381279945374,0.5295279026031494,-0.008313662372529507,0.380046546459198,0.4842628240585327,-0.006844556890428066,0.37903690338134766,0.4651228189468384,-0.030351141467690468,0.39943069219589233,0.5297013521194458,-0.007965185679495335,0.40227389335632324,0.5346498489379883,0.014141373336315155,A
0.5227651596069336,0.7920261025428772,-8.730532385925471e-07,0.6050507426261902,0.72123783826828,-0.04999803379178047,0.6822118759155273,0.5968285799026489,-0.07107255607843399,0.70146244764328,0.49825379252433777,-0.08619197458028793,0.6371447443962097,0.4677983820438385,-0.09088117629289627,0.5596833825111389,0.48477283120155334,-0.03942554071545601,0.6096582412719727,0.4893193542957306,-0.09048756211996078,0.6109684705734253,0.5761959552764893,-0.11116962879896164,0.576518714427948,0.5723315477371216,-0.1230916976928711,0.4797688126564026,0.49727368354797363,-0.04101604223251343,0.5337563753128052,0.5180266499519348,-0.09338213503360748,0.5496034026145935,0.6146019697189331,-0.09986849874258041,0.5204275846481323,0.5949712991714478,-0.09861105680465698,0.40911170840263367,0.5321447253227234,-0.05095585435628891,0.45879629254341125,0.5469295382499695,-0.11117865145206451,0.48456668853759766,0.6347671747207642,-0.0939045399427414,0.46208930015563965,0.6219391226768494,-0.07431478798389435,0.34211093187332153,0.5706222653388977,-0.06469227373600006,0.3890267610549927,0.5712000727653503,-0.10121772438287735,0.4179854094982147,0.6344693303108215,-0.08283928036689758,0.4052533209323883,0.6391754746437073,-0.06329796463251114,A
0.5125455856323242,0.7347650527954102,-5.68845507586957e-07,0.610660195350647,0.6914304494857788,-0.04802384227514267,0.6625961065292358,0.5487009882926941,-0.048736024647951126,0.6400963664054871,0.4299057424068451,-0.039490196853876114,0.5822604298591614,0.38064831495285034,-0.017561515793204308,0.5769854784011841,0.4885191023349762,-0.024837642908096313,0.5689408183097839,0.4294888377189636,-0.06716327369213104,0.5775972008705139,0.5167952179908752,-0.07917007058858871,0.5698486566543579,0.5305407643318176,-0.08161015063524246,0.4963296055793762,0.5074681043624878,-0.013293987140059471,0.49443110823631287,0.4507937729358673,-0.05544525757431984,0.5240533351898193,0.5603461861610413,-0.052222851663827896,0.5193342566490173,0.5593618154525757,-0.03923506289720535,0.4290601909160614,0.5325214266777039,-0.01105247437953949,0.42745745182037354,0.4810214042663574,-0.062250323593616486,0.4693838357925415,0.5792003273963928,-0.03625637665390968,0.46425533294677734,0.5854145288467407,-0.006551831960678101,0.3608716130256653,0.5536738038063049,-0.011713750660419464,0.3703906238079071,0.5187274813652039,-0.03917793557047844,0.4009539484977722,0.5858685374259949,-0.015736471861600876,0.3934628963470459,0.5973464250564575,0.008609206415712833,A
0.509147047996521,0.7890248894691467,-4.278951450942259e-07,0.600464403629303,0.7205222249031067,-0.055425774306058884,0.6645073294639587,0.5762096047401428,-0.06382374465465546,0.6583032011985779,0.4562638998031616,-0.06302892416715622,0.59940505027771,0.3962570130825043,-0.04880058020353317,0.5842418670654297,0.5132117867469788,-0.029477087780833244,0.5859233736991882,0.46356654167175293,-0.07574380189180374,0.5845887660980225,0.5603981018066406,-0.08933711051940918,0.5625834465026855,0.5632822513580322,-0.09401948750019073,0.4985452890396118,0.527597188949585,-0.020687587559223175,0.5007287263870239,0.48115015029907227,-0.07333381474018097,0.5227182507514954,0.6005573272705078,-0.07619873434305191,0.5128713846206665,0.5905404090881348,-0.06691983342170715,0.42382359504699707,0.554050862789154,-0.021964270621538162,0.4231547713279724,0.5109575390815735,-0.08185550570487976,0.4595876932144165,0.6157271862030029,-0.059967704117298126,0.45074567198753357,0.6108881235122681,-0.03254173696041107,0.3509441316127777,0.57778000831604,-0.02683878317475319,0.3625524640083313,0.5531837940216064,-0.0583500973880291,0.39171499013900757,0.6197028160095215,-0.03618380427360535,0.38487231731414795,0.6238306164741516,-0.012835061177611351,A
0.4104434847831726,0.540470540523529,-1.2876697610408883e-06,0.5553445816040039,0.5013294219970703,-0.04739045724272728,0.6527726650238037,0.4235873222351074,-0.055772241204977036,0.6658764481544495,0.34485942125320435,-0.06255728006362915,0.6481134295463562,0.28451985120773315,-0.05919141322374344,0.5743604302406311,0.3631100654602051,-0.021909449249505997,0.5782648921012878,0.3068996071815491,-0.09316392242908478,0.557697057723999,0.37359827756881714,-0.11529017239809036,0.5499694347381592,0.4202597737312317,-0.11244027316570282,0.48183560371398926,0.3613741993904114,-0.018842501565814018,0.4880727529525757,0.30243363976478577,-0.10638628154993057,0.47822055220603943,0.38686564564704895,-0.11404576152563095,0.48514196276664734,0.4336567223072052,-0.09305642545223236,0.3951868414878845,0.3657815456390381,-0.02704060822725296,0.39684435725212097,0.31706568598747253,-0.11766575276851654,0.40113312005996704,0.40072476863861084,-0.08948051184415817,0.41427746415138245,0.44489413499832153,-0.04103277251124382,0.3057480454444885,0.37699249386787415,-0.037823498249053955,0.321638286113739,0.32960161566734314,-0.09196929633617401,0.3315187692642212,0.3872544765472412,-0.06614479422569275,0.3369984030723572,0.42127883434295654,-0.028710652142763138,A
0.4319947063922882,0.5284652709960938,-1.2031085816488485e-06,0.5696108341217041,0.4819381535053253,-0.06170845031738281,0.6691563129425049,0.3945319652557373,-0.0787384882569313,0.693832278251648,0.30912813544273376,-0.09160317480564117,0.6513925790786743,0.25224077701568604,-0.0889812484383583,0.589279294013977,0.32913199067115784,-0.017640868201851845,0.5895363092422485,0.27423095703125,-0.10020864009857178,0.5840562582015991,0.34847888350486755,-0.13596096634864807,0.5756680965423584,0.3757823705673218,-0.14545156061649323,0.49007803201675415,0.33153676986694336,-0.011762749403715134,0.4934152364730835,0.27894654870033264,-0.09853830188512802,0.5046755075454712,0.36643871665000916,-0.11046402156352997,0.49766770005226135,0.38079914450645447,-0.09721534699201584,0.39592885971069336,0.3390110433101654,-0.02068283036351204,0.39623865485191345,0.2915675640106201,-0.11541260778903961,0.4166930913925171,0.3769017457962036,-0.08584647625684738,0.4135717749595642,0.3967317044734955,-0.03960452601313591,0.2971838712692261,0.34970515966415405,-0.033579349517822266,0.31368017196655273,0.31082987785339355,-0.0859193280339241,0.3361826539039612,0.3703938126564026,-0.05528302490711212,0.3324861526489258,0.39242973923683167,-0.016305306926369667,A
0.46238020062446594,0.5923550724983215,-1.2334618304521427e-06,0.6186209321022034,0.5400838851928711,-0.055511582642793655,0.7269506454467773,0.45378750562667847,-0.0706876814365387,0.7601373195648193,0.3676285743713379,-0.08647165447473526,0.7112656831741333,0.3011992573738098,-0.09601207077503204,0.6355186700820923,0.38432636857032776,-0.01176048256456852,0.656531810760498,0.3324364423751831,-0.09777526557445526,0.6310617923736572,0.40154892206192017,-0.1441941112279892,0.60691237449646,0.4612918198108673,-0.1552850902080536,0.5377469658851624,0.3828149735927582,-0.009336055256426334,0.5568264126777649,0.32293468713760376,-0.1105550155043602,0.542127788066864,0.41035792231559753,-0.1369771808385849,0.5395271182060242,0.4760975241661072,-0.12459345906972885,0.4365319311618805,0.39124512672424316,-0.020641494542360306,0.45839056372642517,0.34266409277915955,-0.12359300255775452,0.46286237239837646,0.4308833181858063,-0.1071229949593544,0.47040921449661255,0.4922625720500946,-0.0609874352812767,0.3272562623023987,0.40749847888946533,-0.035422686487436295,0.3669416308403015,0.3619033396244049,-0.10341009497642517,0.38743555545806885,0.4267731010913849,-0.08247031271457672,0.39650678634643555,0.4744940400123596,-0.043270234018564224,A
0.4629967510700226,0.618705153465271,-1.4528561678162077e-06,0.6194418668746948,0.5569758415222168,-0.05107928067445755,0.7118546962738037,0.45851194858551025,-0.0619061179459095,0.730082631111145,0.36997440457344055,-0.07395491749048233,0.6825724840164185,0.301666796207428,-0.07959991693496704,0.6255750060081482,0.39832422137260437,-0.011407683603465557,0.6373821496963501,0.3470669686794281,-0.09348615258932114,0.6171150803565979,0.41790491342544556,-0.1376301348209381,0.5961393117904663,0.4766833186149597,-0.1483801156282425,0.5215246081352234,0.39744019508361816,-0.010229671373963356,0.529089629650116,0.3408876061439514,-0.10200875252485275,0.5212456583976746,0.429162859916687,-0.12303956598043442,0.5187675952911377,0.4920562505722046,-0.11080583930015564,0.41780757904052734,0.4040634036064148,-0.022543394938111305,0.42594900727272034,0.3526565730571747,-0.1157081201672554,0.4397624433040619,0.44108882546424866,-0.0960807055234909,0.4491592347621918,0.5001318454742432,-0.05205212160944939,0.308993935585022,0.42045676708221436,-0.038498472422361374,0.3327665328979492,0.3651581108570099,-0.09845373034477234,0.35801267623901367,0.42648568749427795,-0.07407590746879578,0.3667239546775818,0.471813440322876,-0.035400282591581345,A
0.4527358412742615,0.680492639541626,7.759662707940151e-07,0.552848219871521,0.6277982592582703,-0.040823522955179214,0.6066167950630188,0.5204779505729675,-0.04092871770262718,0.5906754732131958,0.43305620551109314,-0.03727345168590546,0.5187750458717346,0.4371635317802429,-0.03257758170366287,0.5285335779190063,0.4322464168071747,0.01102936826646328,0.5342161655426025,0.33626216650009155,0.0047783502377569675,0.5289812684059143,0.27548500895500183,-0.012787215411663055,0.5217740535736084,0.2204286903142929,-0.030147237703204155,0.4677811563014984,0.4268656373023987,0.01467335969209671,0.4731788635253906,0.327114999294281,0.009334487840533257,0.4764048457145691,0.2549976706504822,-0.01330836582928896,0.47579944133758545,0.1951029747724533,-0.032339777797460556,0.4137670397758484,0.4407598376274109,0.01124743465334177,0.41285303235054016,0.34940487146377563,0.0013244436122477055,0.4268510937690735,0.28423893451690674,-0.02248442731797695,0.4369160532951355,0.23298229277133942,-0.04109010100364685,0.35642915964126587,0.4672926962375641,0.002502815332263708,0.3536933660507202,0.39530497789382935,-0.008457433432340622,0.36325860023498535,0.346671462059021,-0.019342979416251183,0.37600502371788025,0.30329400300979614,-0.029519319534301758,B
0.5025060176849365,0.7057545781135559,1.0063361060019815e-06,0.6172269582748413,0.6455278992652893,-0.06779300421476364,0.6283300518989563,0.5523077845573425,-0.07290644943714142,0.5165566205978394,0.4956652820110321,-0.07220382988452911,0.3994540870189667,0.49820178747177124,-0.06750128418207169,0.6233260631561279,0.4655679762363434,0.024586543440818787,0.6205382347106934,0.3785235285758972,0.01741882413625717,0.6066821217536926,0.32695338129997253,-0.008618475869297981,0.5877448916435242,0.28163471817970276,-0.03256084769964218,0.5349138975143433,0.46090278029441833,0.03308664262294769,0.5309395790100098,0.36674147844314575,0.032581280916929245,0.5205792784690857,0.30166253447532654,0.003318407339975238,0.5061464905738831,0.2484390288591385,-0.02182915061712265,0.4562338888645172,0.47496938705444336,0.02816317044198513,0.45184534788131714,0.39033710956573486,0.02010091207921505,0.45692870020866394,0.3332377076148987,-0.01181937474757433,0.45328742265701294,0.28724366426467896,-0.035277340561151505,0.3792489767074585,0.5007184147834778,0.01398413721472025,0.37649306654930115,0.43102627992630005,0.007708161137998104,0.38302069902420044,0.3857787847518921,-0.0014012150932103395,0.39010709524154663,0.3466171324253082,-0.010815272107720375,B
0.5533791780471802,0.9093791246414185,2.481657475073007e-06,0.7728379368782043,0.8480132818222046,-0.19113443791866302,0.8572025299072266,0.7029926180839539,-0.26641374826431274,0.6534481644630432,0.6171965003013611,-0.3159891366958618,0.44307902455329895,0.5958921909332275,-0.3631286323070526,0.7734057307243347,0.5126352310180664,-0.1503947377204895,0.7694411873817444,0.3532978594303131,-0.23652911186218262,0.7522253394126892,0.24925804138183594,-0.3128657341003418,0.7271952033042908,0.15856653451919556,-0.3734681308269501,0.6092357635498047,0.5041150450706482,-0.12820933759212494,0.6064026355743408,0.3199329376220703,-0.20736797153949738,0.599089503288269,0.19718489050865173,-0.291819304227829,0.583232581615448,0.09194722771644592,-0.35460254549980164,0.4693478047847748,0.5325723886489868,-0.12770697474479675,0.4441065788269043,0.3613700270652771,-0.2166653275489807,0.4375962018966675,0.249314546585083,-0.30511021614074707,0.4234219491481781,0.15306392312049866,-0.3643426299095154,0.3290608823299408,0.5848037600517273,-0.14405325055122375,0.3204822540283203,0.4512794315814972,-0.22476300597190857,0.32468438148498535,0.36525610089302063,-0.28103718161582947,0.3251953721046448,0.2791856825351715,-0.32316744327545166,B
0.4051273763179779,0.8588337302207947,1.6822635870994418e-06,0.23011624813079834,0.7861846685409546,-0.09162665903568268,0.17982137203216553,0.6781090497970581,-0.13271446526050568,0.3165156841278076,0.5975010395050049,-0.16757827997207642,0.4664838910102844,0.5643157362937927,-0.20305560529232025,0.2692837119102478,0.5640439391136169,-0.05026310309767723,0.2931268811225891,0.4412435293197632,-0.10754264146089554,0.320364773273468,0.36657899618148804,-0.1702744960784912,0.3530551493167877,0.301295667886734,-0.2226773202419281,0.39559343457221985,0.5616901516914368,-0.05689382925629616,0.41350722312927246,0.4231063723564148,-0.10843545198440552,0.431621789932251,0.33686646819114685,-0.17841008305549622,0.4429872930049896,0.262445330619812,-0.234254851937294,0.4976752996444702,0.5851881504058838,-0.07764685153961182,0.5239943265914917,0.4564779996871948,-0.13228633999824524,0.5310032963752747,0.3782463073730469,-0.19457869231700897,0.5365118384361267,0.3134792745113373,-0.24228043854236603,0.6078431606292725,0.6262741088867188,-0.10825095325708389,0.6339720487594604,0.525252640247345,-0.16003285348415375,0.6387962102890015,0.4627878665924072,-0.1963624507188797,0.6391991376876831,0.4034965932369232,-0.22628656029701233,B
0.5617986917495728,0.6536943316459656,1.0232176919089397e-06,0.6565799713134766,0.6093928217887878,-0.07983081787824631,0.667898416519165,0.5451869368553162,-0.11184600740671158,0.5671714544296265,0.5073080658912659,-0.13209712505340576,0.4781140387058258,0.48842883110046387,-0.15137802064418793,0.6366955637931824,0.46762868762016296,-0.07331226766109467,0.6239970922470093,0.39050066471099854,-0.1194172352552414,0.6089946627616882,0.34069257974624634,-0.15696017444133759,0.5927568674087524,0.2966737151145935,-0.18536876142024994,0.5574886798858643,0.46540123224258423,-0.0645328238606453,0.5414758324623108,0.38109469413757324,-0.10745616257190704,0.5308789610862732,0.32493674755096436,-0.14669406414031982,0.5198753476142883,0.275188148021698,-0.17437142133712769,0.4901098310947418,0.48043081164360046,-0.06425673514604568,0.46517273783683777,0.4028390944004059,-0.1102871298789978,0.4578157067298889,0.35031190514564514,-0.1483496129512787,0.44796544313430786,0.3041161596775055,-0.1724448949098587,0.42633020877838135,0.5089138150215149,-0.0701851025223732,0.40931060910224915,0.44909292459487915,-0.11353324353694916,0.4070757031440735,0.4099459946155548,-0.13828763365745544,0.40399661660194397,0.37043535709381104,-0.15424567461013794,B
0.5367077589035034,0.904899537563324,1.5303666032195906e-06,0.7094869017601013,0.8666318655014038,-0.10273051261901855,0.7415403127670288,0.7450569868087769,-0.13094298541545868,0.5963125228881836,0.6683058142662048,-0.14278243482112885,0.4347916841506958,0.6728962659835815,-0.1574336290359497,0.6996539831161499,0.6342668533325195,-0.09145299345254898,0.6737483143806458,0.5198527574539185,-0.13990777730941772,0.6480300426483154,0.44322600960731506,-0.18570812046527863,0.617906928062439,0.379516065120697,-0.2253992259502411,0.5733305215835571,0.6275888681411743,-0.0834868922829628,0.5454539656639099,0.503754734992981,-0.13241761922836304,0.5290806293487549,0.41803935170173645,-0.18982933461666107,0.5076483488082886,0.3463495075702667,-0.23143605887889862,0.4695788025856018,0.648945152759552,-0.0849064290523529,0.4358331263065338,0.5318171381950378,-0.14566758275032043,0.42486679553985596,0.45104485750198364,-0.20903003215789795,0.405068039894104,0.38064825534820557,-0.25042083859443665,0.36598730087280273,0.6891946792602539,-0.09322473406791687,0.3493754267692566,0.5996491312980652,-0.1577790230512619,0.35133421421051025,0.5382431745529175,-0.19995547831058502,0.3499218225479126,0.4774269461631775,-0.2284865826368332,B
0.48003339767456055,0.8978810906410217,8.917357945392723e-07,0.5806912183761597,0.8412691354751587,-0.05103376880288124,0.6306729316711426,0.7295700907707214,-0.058360662311315536,0.603282630443573,0.648509681224823,-0.06014878302812576,0.5296143293380737,0.6649553179740906,-0.06207146868109703,0.5395304560661316,0.6353894472122192,-0.017620360478758812,0.540050208568573,0.5378663539886475,-0.035648420453071594,0.5321956872940063,0.4752199053764343,-0.06005644053220749,0.5219376087188721,0.41748231649398804,-0.08205761015415192,0.4694933295249939,0.6331645846366882,-0.014284782111644745,0.46820375323295593,0.5296327471733093,-0.030094608664512634,0.4661133289337158,0.45437952876091003,-0.05702776461839676,0.4604269564151764,0.38956204056739807,-0.0787169560790062,0.40949296951293945,0.654038667678833,-0.017748933285474777,0.39839521050453186,0.55989670753479,-0.03749503940343857,0.40686774253845215,0.49197065830230713,-0.06544219702482224,0.4119919538497925,0.43694525957107544,-0.08606656640768051,0.3493610620498657,0.6899595856666565,-0.02697342447936535,0.338907927274704,0.6153115034103394,-0.04612245410680771,0.3434078097343445,0.5641813278198242,-0.059889938682317734,0.3497970402240753,0.5179962515830994,-0.07161875814199448,B
0.486660361289978,0.872209906578064,8.813230465420929e-07,0.5928681492805481,0.8201638460159302,-0.039117079228162766,0.6461982727050781,0.7109103202819824,-0.0348830446600914,0.6278956532478333,0.6278693079948425,-0.027917591854929924,0.5588151216506958,0.6326238512992859,-0.01962999813258648,0.560006320476532,0.607903778553009,0.021855244413018227,0.5761048793792725,0.5137427449226379,0.020022481679916382,0.5794884562492371,0.4553307890892029,0.003176224185153842,0.5784432888031006,0.4027262032032013,-0.014170265756547451,0.49164557456970215,0.6030943393707275,0.023912375792860985,0.4981062412261963,0.504172146320343,0.025995010510087013,0.5026470422744751,0.43609946966171265,0.005776082631200552,0.5020666718482971,0.3802821636199951,-0.012555104680359364,0.43056976795196533,0.6197246313095093,0.018206730484962463,0.42644309997558594,0.5292750597000122,0.014462231658399105,0.4398244321346283,0.46945080161094666,-0.0072038439102470875,0.44906795024871826,0.4232616424560547,-0.025157947093248367,0.3663308024406433,0.6506616473197937,0.006619942840188742,0.35397303104400635,0.5760883688926697,6.557382585015148e-05,0.3579319417476654,0.5276859998703003,-0.007706993259489536,0.3672173321247101,0.4860164225101471,-0.01592455804347992,B
0.4689357876777649,0.8887211084365845,8.414210697083035e-07,0.5672149658203125,0.8239343762397766,-0.04406426474452019,0.6021443605422974,0.7071128487586975,-0.05126691982150078,0.5530819296836853,0.6357335448265076,-0.05574209615588188,0.47512397170066833,0.6427845358848572,-0.06118696928024292,0.5402542352676392,0.6041167974472046,-0.015474390238523483,0.5626959204673767,0.4981728196144104,-0.03867685794830322,0.570641815662384,0.4300481677055359,-0.06501265615224838,0.5743095278739929,0.3685546815395355,-0.08731573820114136,0.46979352831840515,0.6012898683547974,-0.01831766776740551,0.47904172539711,0.4883953630924225,-0.03922278806567192,0.48168477416038513,0.40927982330322266,-0.0678696259856224,0.48166215419769287,0.3416101634502411,-0.09034930169582367,0.4086903929710388,0.6238528490066528,-0.027965042740106583,0.4086812734603882,0.5217652916908264,-0.05234604701399803,0.42031848430633545,0.44818389415740967,-0.08037209510803223,0.4281568229198456,0.38652509450912476,-0.10056138038635254,0.3492564260959625,0.6636490225791931,-0.042706772685050964,0.3438259959220886,0.5818697810173035,-0.06548146903514862,0.34960630536079407,0.5226567387580872,-0.07974638044834137,0.35676586627960205,0.46787557005882263,-0.09157350659370422,B
0.4855281710624695,0.750846803188324,8.559174489164434e-07,0.5798165202140808,0.694985568523407,-0.04403313994407654,0.6057537198066711,0.5707337260246277,-0.04555720090866089,0.5408291816711426,0.4964468777179718,-0.04243256151676178,0.45535528659820557,0.5220243334770203,-0.03875892609357834,0.546270489692688,0.47973787784576416,-0.002775841159746051,0.5374971628189087,0.3843727111816406,-0.01285500917583704,0.5253700613975525,0.32090872526168823,-0.03210989758372307,0.5107296109199524,0.2664974331855774,-0.050788357853889465,0.4771999418735504,0.47919002175331116,-0.001652307459153235,0.470451295375824,0.37804657220840454,-0.007879297249019146,0.464502215385437,0.30622297525405884,-0.028620367869734764,0.45583078265190125,0.24457043409347534,-0.046298056840896606,0.41936978697776794,0.4989483058452606,-0.007443512789905071,0.4108599126338959,0.4066360294818878,-0.018854502588510513,0.41780656576156616,0.34070026874542236,-0.04155203700065613,0.4205343425273895,0.28739428520202637,-0.05912468209862709,0.3617691397666931,0.5325919389724731,-0.019009556621313095,0.3565417528152466,0.4549557566642761,-0.03210528567433357,0.36474090814590454,0.40233051776885986,-0.04158620908856392,0.37412703037261963,0.3559473752975464,-0.05034251883625984,B
0.4356590807437897,0.5714398622512817,7.922907343527186e-07,0.578495442867279,0.5221149325370789,-0.05260823667049408,0.6395434141159058,0.4314853250980377,-0.05541260540485382,0.5666517615318298,0.3670438826084137,-0.05441788583993912,0.4623875916004181,0.367902547121048,-0.054057106375694275,0.5668767094612122,0.3468649089336395,0.0026222069282084703,0.5732243657112122,0.2642299234867096,-0.016390204429626465,0.5675573945045471,0.21277561783790588,-0.04473237320780754,0.5607094764709473,0.16697439551353455,-0.06978560984134674,0.4822714626789093,0.33929386734962463,0.0020643090829253197,0.4886499047279358,0.2456856071949005,-0.014296713285148144,0.48729416728019714,0.1792505383491516,-0.046983715146780014,0.4835650622844696,0.1244782954454422,-0.073630191385746,0.4078492820262909,0.3507842421531677,-0.007996613159775734,0.4090995788574219,0.2645546793937683,-0.030602838844060898,0.41835910081863403,0.20552001893520355,-0.0648542121052742,0.4211614727973938,0.15788137912750244,-0.09001579880714417,0.32905375957489014,0.37653830647468567,-0.024260422214865685,0.3302721381187439,0.30986684560775757,-0.0451800562441349,0.34244203567504883,0.26323097944259644,-0.06036313623189926,0.3532811999320984,0.2212854027748108,-0.07391884177923203,B
0.4668511748313904,0.8266411423683167,1.0443216069688788e-06,0.5871626138687134,0.7729455232620239,-0.06729985028505325,0.6114826202392578,0.6741213202476501,-0.0730421245098114,0.5080582499504089,0.6105148196220398,-0.07190253585577011,0.38832253217697144,0.6096966862678528,-0.06763222813606262,0.5966256856918335,0.5866104364395142,0.0067328657023608685,0.5944584608078003,0.49857160449028015,-0.006553176790475845,0.5803344249725342,0.44442451000213623,-0.03336375206708908,0.5594510436058044,0.396396279335022,-0.05819084867835045,0.5097639560699463,0.5784325003623962,0.012495470233261585,0.505534827709198,0.4840426445007324,0.004314068704843521,0.49691131711006165,0.41775619983673096,-0.024601774290204048,0.482174813747406,0.36179327964782715,-0.04872658848762512,0.43130719661712646,0.5912200808525085,0.00593460351228714,0.42342978715896606,0.5022265315055847,-0.011142823845148087,0.42748352885246277,0.44187772274017334,-0.043869853019714355,0.42164596915245056,0.3922259211540222,-0.06706497818231583,0.3517668545246124,0.6168273091316223,-0.009000992402434349,0.3497698903083801,0.5439726114273071,-0.027509434148669243,0.3583245277404785,0.49623608589172363,-0.04152645915746689,0.36567333340644836,0.4536550045013428,-0.05300749093294144,B
0.4624190628528595,0.8253331184387207,1.0077654906126554e-06,0.5987573266029358,0.7755907773971558,-0.06561536341905594,0.633585512638092,0.6738284826278687,-0.06734701246023178,0.5269800424575806,0.6095616817474365,-0.06246386095881462,0.4041837155818939,0.6230959892272949,-0.054615553468465805,0.5987741351127625,0.581375241279602,0.012484394013881683,0.5986825227737427,0.4933278560638428,0.0054761976934969425,0.5838648080825806,0.4402017593383789,-0.017291316762566566,0.5628769397735596,0.3943907618522644,-0.03979863226413727,0.5090354084968567,0.5739259123802185,0.01889631897211075,0.507891833782196,0.47947627305984497,0.016902288421988487,0.49984753131866455,0.41345787048339844,-0.008770414628088474,0.48493120074272156,0.3596760332584381,-0.0313074067234993,0.43052050471305847,0.5871908664703369,0.01322651095688343,0.42447179555892944,0.5012997388839722,0.0015003051375970244,0.431905061006546,0.44228431582450867,-0.030164295807480812,0.42841941118240356,0.3958902955055237,-0.05346030741930008,0.35168343782424927,0.6125077605247498,-0.0009194078738801181,0.3515307307243347,0.5415583848953247,-0.014241667464375496,0.36225444078445435,0.49467068910598755,-0.02693980559706688,0.3720773756504059,0.4534808397293091,-0.03856607899069786,B
0.5022855997085571,0.7250380516052246,9.54959887167206e-07,0.6151938438415527,0.6627852916717529,-0.0649520754814148,0.627213716506958,0.5695264935493469,-0.06472872942686081,0.5229597687721252,0.5129796266555786,-0.05933761969208717,0.4101376235485077,0.5239126682281494,-0.04993841424584389,0.6167817711830139,0.4831869304180145,0.042625825852155685,0.6152623891830444,0.400505006313324,0.04544124752283096,0.6031308770179749,0.35089290142059326,0.0240978691726923,0.5884077548980713,0.30561208724975586,0.001777192112058401,0.531603217124939,0.47866150736808777,0.05143573880195618,0.5286011695861816,0.3873702883720398,0.062411557883024216,0.520225465297699,0.3256472051143646,0.03807350993156433,0.5101588368415833,0.27278703451156616,0.01457752101123333,0.45460206270217896,0.4924356937408447,0.04579900577664375,0.4505497217178345,0.40955105423927307,0.04714864492416382,0.4500845670700073,0.35338345170021057,0.01679006591439247,0.4427914321422577,0.305449903011322,-0.0077455779537558556,0.3787449896335602,0.5174541473388672,0.030362166464328766,0.3758416175842285,0.4485044479370117,0.031482797116041183,0.38122081756591797,0.403408944606781,0.0237444918602705,0.38695627450942993,0.36239323019981384,0.01334420032799244,B
0.19622491300106049,0.7621285915374756,2.5754877697181655e-06,0.3651747703552246,0.7781898379325867,-0.16439750790596008,0.5069851279258728,0.7316699624061584,-0.23438091576099396,0.6477223634719849,0.6918131113052368,-0.2568555474281311,0.7682809233665466,0.648952305316925,-0.2661527097225189,0.3271157741546631,0.5449482798576355,-0.2380860447883606,0.4814906120300293,0.4040602445602417,-0.24745261669158936,0.5916385650634766,0.3670772314071655,-0.2235981822013855,0.6706740260124207,0.3564496636390686,-0.19600725173950195,0.2628333568572998,0.5131085515022278,-0.13320259749889374,0.4326959550380707,0.3732638657093048,-0.14514672756195068,0.559952437877655,0.3455088436603546,-0.12094075977802277,0.6466794013977051,0.35449135303497314,-0.09456723928451538,0.2392444610595703,0.5063413381576538,-0.027136586606502533,0.39591309428215027,0.3970734775066376,-0.030681537464261055,0.5018203258514404,0.3795873522758484,-0.022861121222376823,0.571536123752594,0.3845010995864868,-0.011361222714185715,0.24314305186271667,0.5058178305625916,0.0696784183382988,0.37030428647994995,0.439307302236557,0.06928303092718124,0.445935994386673,0.42953652143478394,0.07004028558731079,0.5047698616981506,0.434186726808548,0.07718053460121155,C
0.16531869769096375,0.6342440247535706,2.3640543531655567e-06,0.32088974118232727,0.6438744068145752,-0.1691855788230896,0.4631545841693878,0.621314287185669,-0.22669093310832977,0.5925030708312988,0.6201394200325012,-0.23675696551799774,0.707421064376831,0.605445921421051,-0.2312021106481552,0.36083540320396423,0.46035799384117126,-0.17253097891807556,0.47626903653144836,0.381891667842865,-0.17323121428489685,0.5879608392715454,0.36778023838996887,-0.1637134999036789,0.6687285900115967,0.3744300603866577,-0.1471908837556839,0.3254998028278351,0.4574398100376129,-0.054362598806619644,0.4633687138557434,0.38468971848487854,-0.047388892620801926,0.584966778755188,0.37714502215385437,-0.03779399394989014,0.672022819519043,0.393209844827652,-0.024451589211821556,0.3118903338909149,0.464122474193573,0.060062918812036514,0.4295378029346466,0.40322259068489075,0.07317347079515457,0.5351940989494324,0.39344388246536255,0.07009604573249817,0.6127346158027649,0.3997793197631836,0.07379008829593658,0.3137417435646057,0.47083619236946106,0.1638161689043045,0.40795427560806274,0.4278448224067688,0.1764843463897705,0.4786815643310547,0.41511839628219604,0.17554688453674316,0.53641676902771,0.4127429127693176,0.1817726343870163,C
0.2403487116098404,0.7239630222320557,1.248834450962022e-06,0.3809611201286316,0.724631130695343,-0.1423109769821167,0.4916163980960846,0.6976024508476257,-0.19764752686023712,0.569993793964386,0.65788334608078,-0.20665091276168823,0.5704370737075806,0.6016902327537537,-0.19533604383468628,0.31139034032821655,0.5823413729667664,-0.2285279780626297,0.37802207469940186,0.49186670780181885,-0.24158520996570587,0.4732333719730377,0.4854903519153595,-0.2054213434457779,0.523526132106781,0.5050865411758423,-0.16181159019470215,0.2696790099143982,0.572204053401947,-0.1278175264596939,0.35710105299949646,0.4793383479118347,-0.14591878652572632,0.4564395844936371,0.4848586320877075,-0.11279316991567612,0.5096950531005859,0.5108019113540649,-0.07485335320234299,0.2533107399940491,0.5690470933914185,-0.02397266775369644,0.32908520102500916,0.4931752681732178,-0.043180160224437714,0.4201697111129761,0.49458977580070496,-0.030390866100788116,0.47037220001220703,0.5169082283973694,-0.006227768491953611,0.25290027260780334,0.5698390603065491,0.07506705820560455,0.3174099326133728,0.5106730461120605,0.06856419146060944,0.38568487763404846,0.5066889524459839,0.07353462278842926,0.4329736530780792,0.5221778154373169,0.08830368518829346,C
0.25788185000419617,0.7517895698547363,2.4525270418962464e-06,0.4167966842651367,0.7454743385314941,-0.16095148026943207,0.5668736100196838,0.6818729639053345,-0.20444805920124054,0.7033909559249878,0.6419352293014526,-0.2071221023797989,0.8172913789749146,0.5905006527900696,-0.19623039662837982,0.35811424255371094,0.470754474401474,-0.09824438393115997,0.47619661688804626,0.35584917664527893,-0.08827298879623413,0.59230637550354,0.32324081659317017,-0.09106507152318954,0.6792052984237671,0.31515905261039734,-0.09108426421880722,0.333410382270813,0.46722158789634705,0.0025312835350632668,0.4666486382484436,0.360711932182312,0.012383169494569302,0.5922738313674927,0.33006465435028076,-0.00389162078499794,0.6879138350486755,0.3292393088340759,-0.015829848125576973,0.33452218770980835,0.47567635774612427,0.09389333426952362,0.4568348824977875,0.38973408937454224,0.10206136852502823,0.5647193193435669,0.3618016541004181,0.07891681790351868,0.6462416052818298,0.3521450459957123,0.0625380426645279,0.3468174338340759,0.48006585240364075,0.1731681078672409,0.4531687796115875,0.4185452461242676,0.17363384366035461,0.5332608222961426,0.40130072832107544,0.15767818689346313,0.6015983819961548,0.39493218064308167,0.1486060619354248,C
0.3263245224952698,0.8494433164596558,1.230371481142356e-06,0.482629656791687,0.8437132835388184,0.03297395631670952,0.6208272576332092,0.7411806583404541,0.056007519364356995,0.7333875894546509,0.694726824760437,0.05784466862678528,0.8399268984794617,0.6558976173400879,0.05845088139176369,0.5298047661781311,0.5344881415367126,0.15717412531375885,0.5934412479400635,0.44180184602737427,0.1817389279603958,0.6572784185409546,0.38481253385543823,0.17519007623195648,0.7128615379333496,0.3523119390010834,0.16054953634738922,0.48016464710235596,0.5091804265975952,0.11199060082435608,0.5610792636871338,0.3939352333545685,0.13022390007972717,0.6432089805603027,0.344984233379364,0.1096494123339653,0.7333021759986877,0.32642704248428345,0.08921698480844498,0.432742178440094,0.5010279417037964,0.05691486597061157,0.528127133846283,0.3895854353904724,0.054450031369924545,0.6254903674125671,0.35254722833633423,0.043506164103746414,0.7186372876167297,0.33622944355010986,0.0328485406935215,0.39572614431381226,0.517565131187439,-0.00047850189730525017,0.5098670721054077,0.4267787039279938,-0.012740395031869411,0.5943689346313477,0.39019155502319336,-0.016612688079476357,0.6740390062332153,0.3671573996543884,-0.020876426249742508,C
0.24722938239574432,0.8545524477958679,1.064716116161435e-06,0.3955017924308777,0.8273613452911377,-0.003252557013183832,0.5272781848907471,0.719868540763855,0.0020571532659232616,0.6444227695465088,0.6650638580322266,-0.006485644727945328,0.7430420517921448,0.6102034449577332,-0.014845786616206169,0.44136154651641846,0.5217694640159607,0.1072734147310257,0.49777233600616455,0.4088295102119446,0.10494345426559448,0.5578130483627319,0.35307180881500244,0.08000930398702621,0.6145287752151489,0.3188554644584656,0.05744451656937599,0.39926061034202576,0.5041998624801636,0.07950765639543533,0.466120183467865,0.3770449757575989,0.07784578949213028,0.5410706996917725,0.3243885040283203,0.044558510184288025,0.620193600654602,0.3091340661048889,0.01707916148006916,0.34873178601264954,0.49777206778526306,0.039456628262996674,0.42419546842575073,0.37119895219802856,0.026995092630386353,0.5088335871696472,0.3248355984687805,0.002872913610190153,0.5914075374603271,0.3091811537742615,-0.015743359923362732,0.2959109842777252,0.5055789947509766,-0.0055553545244038105,0.3746147155761719,0.4002118408679962,-0.022699525579810143,0.4429013133049011,0.34784916043281555,-0.034597400575876236,0.5136365294456482,0.3173048496246338,-0.044401947408914566,C
0.24195243418216705,0.8514560461044312,1.3043976423432468e-06,0.4049876928329468,0.8618044853210449,0.04178271442651749,0.5478421449661255,0.7904057502746582,0.06205366924405098,0.6662518978118896,0.7628891468048096,0.05941437929868698,0.7703246474266052,0.7305418848991394,0.055661264806985855,0.46219778060913086,0.5370925068855286,0.15938276052474976,0.5276380777359009,0.43669500946998596,0.18180593848228455,0.5990742444992065,0.38786581158638,0.17262998223304749,0.6640322804450989,0.37242329120635986,0.15830878913402557,0.41734209656715393,0.5103691220283508,0.10922277718782425,0.5046595335006714,0.3926829695701599,0.12286394834518433,0.6027845144271851,0.3579815626144409,0.09905942529439926,0.6955175995826721,0.37295812368392944,0.07964924722909927,0.37162667512893677,0.5017306804656982,0.05051368102431297,0.4718661606311798,0.38680922985076904,0.048634376376867294,0.5835170149803162,0.35961875319480896,0.03135529160499573,0.6825246810913086,0.3673858344554901,0.01769062876701355,0.33426526188850403,0.5190960764884949,-0.009570798836648464,0.44674909114837646,0.42625337839126587,-0.022693205624818802,0.537919282913208,0.39739763736724854,-0.030732939019799232,0.6224483847618103,0.3900241255760193,-0.03617015853524208,C
0.2310677468776703,0.589276909828186,1.9585741029004566e-06,0.37224704027175903,0.5865812301635742,-0.16095608472824097,0.5015305876731873,0.5463486909866333,-0.21583999693393707,0.6293830871582031,0.5261265635490417,-0.23029179871082306,0.7385245561599731,0.5040959119796753,-0.23102927207946777,0.36092817783355713,0.4086296260356903,-0.1487444043159485,0.44713613390922546,0.313813179731369,-0.1605939120054245,0.5491330623626709,0.29444462060928345,-0.16197173297405243,0.6295756101608276,0.2976744771003723,-0.15411067008972168,0.3346462845802307,0.40391290187835693,-0.04741739109158516,0.45088404417037964,0.3247565031051636,-0.05443590506911278,0.5684798955917358,0.313387393951416,-0.055508892983198166,0.6571440696716309,0.32973337173461914,-0.048954471945762634,0.32417789101600647,0.4098164737224579,0.0471060574054718,0.4369240701198578,0.3461188077926636,0.044249556958675385,0.5385795831680298,0.3342885375022888,0.03245836868882179,0.6186350584030151,0.34132057428359985,0.0319945327937603,0.329941987991333,0.41882604360580444,0.13045868277549744,0.42103204131126404,0.3696427047252655,0.13042928278446198,0.4954277276992798,0.3587135672569275,0.12345671653747559,0.5599700212478638,0.361554890871048,0.12630829215049744,C
0.13915970921516418,0.6210713386535645,1.8831416355169495e-06,0.27998611330986023,0.635730504989624,-0.160155788064003,0.42897504568099976,0.6097062826156616,-0.2162851095199585,0.568759560585022,0.6026915311813354,-0.22845034301280975,0.6857426762580872,0.5930374264717102,-0.22444342076778412,0.34520137310028076,0.4480595290660858,-0.18462103605270386,0.49259665608406067,0.35804787278175354,-0.20947784185409546,0.6112918257713318,0.35350915789604187,-0.21062800288200378,0.693848729133606,0.36948493123054504,-0.19759638607501984,0.31076329946517944,0.4317057430744171,-0.08159760385751724,0.48418498039245605,0.36345022916793823,-0.09572210907936096,0.6126700043678284,0.3723246455192566,-0.085276298224926,0.6927992701530457,0.4044206440448761,-0.06821675598621368,0.29604703187942505,0.43271735310554504,0.015697738155722618,0.4445969760417938,0.37704405188560486,0.0003750435425899923,0.5536841750144958,0.38684847950935364,-0.01137679535895586,0.6265653371810913,0.41137945652008057,-0.008708749897778034,0.301935076713562,0.4408693015575409,0.1036045104265213,0.41595202684402466,0.40142443776130676,0.09292052686214447,0.4961055815219879,0.4070388078689575,0.08389604091644287,0.5536702871322632,0.42441365122795105,0.08720998466014862,C
0.12163656949996948,0.6516868472099304,1.920287331813597e-06,0.2692757248878479,0.6568222641944885,-0.1691269874572754,0.4149790406227112,0.6255418658256531,-0.23476946353912354,0.5620108842849731,0.6168947219848633,-0.26016733050346375,0.6901841163635254,0.6077893376350403,-0.27159756422042847,0.30300986766815186,0.46262457966804504,-0.16403670608997345,0.44650372862815857,0.37180399894714355,-0.18242791295051575,0.5610764622688293,0.3642416298389435,-0.18573936820030212,0.6447761058807373,0.37651166319847107,-0.17726869881153107,0.26198023557662964,0.4516714811325073,-0.06329487264156342,0.42600882053375244,0.37195760011672974,-0.0724266767501831,0.5490306615829468,0.37308526039123535,-0.06914292275905609,0.6337065696716309,0.4004442095756531,-0.05771218240261078,0.2443319857120514,0.4564529061317444,0.029582353308796883,0.38593998551368713,0.39356255531311035,0.024567708373069763,0.49153342843055725,0.3934902548789978,0.013727547600865364,0.5695610046386719,0.41271835565567017,0.014733713120222092,0.2505437135696411,0.4686691462993622,0.1101924479007721,0.3579886257648468,0.4193876385688782,0.10796743631362915,0.43944111466407776,0.4171006381511688,0.1015767902135849,0.5064852237701416,0.42972391843795776,0.10561014711856842,C
0.1959008276462555,0.6349194049835205,2.185507355534355e-06,0.34435248374938965,0.6428306102752686,-0.16452565789222717,0.48331040143966675,0.6205600500106812,-0.22087843716144562,0.6133188009262085,0.6158793568611145,-0.23081466555595398,0.729956865310669,0.6020578145980835,-0.225923091173172,0.380597859621048,0.4642602801322937,-0.1686161607503891,0.5057300925254822,0.3857083320617676,-0.16805653274059296,0.6136517524719238,0.3774634599685669,-0.15911975502967834,0.6903727054595947,0.38941940665245056,-0.14402401447296143,0.34420785307884216,0.4601639211177826,-0.052337273955345154,0.48833799362182617,0.38884279131889343,-0.0395294614136219,0.6052097082138062,0.3883804380893707,-0.029395215213298798,0.6882444620132446,0.40800878405570984,-0.019185975193977356,0.32599499821662903,0.4655654728412628,0.0605134591460228,0.4476967751979828,0.41071948409080505,0.08116508275270462,0.5413076877593994,0.4100802540779114,0.07838521152734756,0.6078218817710876,0.42398422956466675,0.07805841416120529,0.32408881187438965,0.4721234142780304,0.1623857021331787,0.41859525442123413,0.43367308378219604,0.17849257588386536,0.48519641160964966,0.43002283573150635,0.17620092630386353,0.538070559501648,0.4346677362918854,0.1790458709001541,C
0.5014075636863708,0.7207608819007874,-8.958049875218421e-07,0.5801512598991394,0.6452340483665466,-0.04155787080526352,0.628080427646637,0.5399502515792847,-0.06512770056724548,0.6852152347564697,0.45970419049263,-0.09339047968387604,0.7416425943374634,0.41723141074180603,-0.11559440195560455,0.46014440059661865,0.4863005578517914,-0.029778743162751198,0.4154549837112427,0.4128495752811432,-0.09532932937145233,0.46112188696861267,0.4698813855648041,-0.13084816932678223,0.5020725727081299,0.524165689945221,-0.13875959813594818,0.3993055820465088,0.5191957950592041,-0.033925410360097885,0.3697332441806793,0.46337923407554626,-0.11361376196146011,0.4371784031391144,0.5389659404754639,-0.14113610982894897,0.4828665554523468,0.5939546823501587,-0.13923707604408264,0.3464096784591675,0.5561928153038025,-0.04762640595436096,0.31543412804603577,0.5055928826332092,-0.11612080782651901,0.3889217972755432,0.5664737820625305,-0.1209501326084137,0.44332095980644226,0.6143370866775513,-0.10121425241231918,0.2985064685344696,0.5944916605949402,-0.06562972068786621,0.2233310490846634,0.5278455018997192,-0.09732219576835632,0.1774183213710785,0.4818369150161743,-0.10315633565187454,0.1357787549495697,0.4347682297229767,-0.0982804074883461,Y
0.559062659740448,0.7543943524360657,-1.6053106719482457e-06,0.6773547530174255,0.6861180067062378,-0.052489057183265686,0.74127197265625,0.584763765335083,-0.07656610757112503,0.7855204343795776,0.5012656450271606,-0.10515119880437851,0.8418718576431274,0.45083704590797424,-0.12086496502161026,0.5698425769805908,0.5237483382225037,-0.027439052239060402,0.54961758852005,0.4684878885746002,-0.1063062846660614,0.5736741423606873,0.5388171076774597,-0.14091059565544128,0.599539041519165,0.5927188992500305,-0.1439410001039505,0.4710032045841217,0.5391961932182312,-0.0316413938999176,0.4456210434436798,0.4845726191997528,-0.13520433008670807,0.500851571559906,0.5645629167556763,-0.16653050482273102,0.5434998869895935,0.6194949746131897,-0.159011110663414,0.3835735023021698,0.5606653690338135,-0.04780486226081848,0.3393937051296234,0.5024715065956116,-0.13713793456554413,0.412432461977005,0.5713742971420288,-0.13742665946483612,0.46975958347320557,0.6236482262611389,-0.10839170962572098,0.30809569358825684,0.5880399346351624,-0.06897470355033875,0.21197253465652466,0.5280362367630005,-0.10929258167743683,0.15630513429641724,0.4888123869895935,-0.11617068201303482,0.10731968283653259,0.4445556104183197,-0.10988231003284454,Y
0.5124551057815552,0.7032918930053711,-1.2901509762741625e-06,0.6670816540718079,0.6402084231376648,-0.0684114471077919,0.7883135676383972,0.5600714683532715,-0.09200988709926605,0.8459168076515198,0.47985774278640747,-0.11881032586097717,0.8528534173965454,0.41567519307136536,-0.1347692906856537,0.5833269357681274,0.4711509943008423,-0.019009625539183617,0.5401119589805603,0.41202041506767273,-0.11386384069919586,0.5466346740722656,0.47530701756477356,-0.167219877243042,0.5693041682243347,0.5361727476119995,-0.176513209939003,0.46774807572364807,0.4854450523853302,-0.019721146672964096,0.4333333969116211,0.4295301139354706,-0.13650447130203247,0.47218194603919983,0.5067790150642395,-0.18703138828277588,0.5107933282852173,0.5665256381034851,-0.18860310316085815,0.362820565700531,0.5059281587600708,-0.03702124208211899,0.3134295642375946,0.46244344115257263,-0.14750081300735474,0.3799257278442383,0.5295703411102295,-0.1701410710811615,0.44374024868011475,0.5813342928886414,-0.14908123016357422,0.26826900243759155,0.5312866568565369,-0.059390630573034286,0.17498856782913208,0.4585435688495636,-0.11035708338022232,0.11677330732345581,0.41701382398605347,-0.12167639285326004,0.06988668441772461,0.3733363747596741,-0.1149330660700798,Y
0.6143914461135864,0.584778368473053,-1.2511269460446783e-06,0.7141553163528442,0.5380327701568604,-0.07786819338798523,0.781836748123169,0.47233185172080994,-0.12155333161354065,0.843273401260376,0.4120963513851166,-0.16211064159870148,0.9026855230331421,0.36827462911605835,-0.19083447754383087,0.6399416327476501,0.41504421830177307,-0.09526586532592773,0.6260295510292053,0.37744396924972534,-0.17960436642169952,0.6491466164588928,0.4374229609966278,-0.2112155705690384,0.6666609048843384,0.481903076171875,-0.2155676633119583,0.551695704460144,0.4298880398273468,-0.08905760943889618,0.5479286313056946,0.4013243317604065,-0.19008122384548187,0.5968709588050842,0.46650293469429016,-0.21095193922519684,0.6233694553375244,0.5055219531059265,-0.20473931729793549,0.47499340772628784,0.45254024863243103,-0.09502297639846802,0.45875823497772217,0.42273831367492676,-0.18983766436576843,0.5309501886367798,0.4761263430118561,-0.19210250675678253,0.5815818309783936,0.5134410858154297,-0.16900616884231567,0.4117402732372284,0.4785122275352478,-0.10678836703300476,0.3452718257904053,0.424017071723938,-0.16255022585391998,0.2978886365890503,0.3918730318546295,-0.1777234822511673,0.24720314145088196,0.3577883541584015,-0.17838777601718903,Y
0.617696225643158,0.7554062604904175,-1.9024387256649788e-06,0.7766473293304443,0.6968994736671448,-0.13557517528533936,0.8823869228363037,0.6054908633232117,-0.2036297470331192,0.9225238561630249,0.5215701460838318,-0.2619428336620331,0.9530709981918335,0.44950369000434875,-0.3014359474182129,0.6603193283081055,0.5200169086456299,-0.14481854438781738,0.6136507391929626,0.4667833745479584,-0.2730897068977356,0.6422094106674194,0.5516713261604309,-0.3244771957397461,0.6758697628974915,0.6185795068740845,-0.3318920433521271,0.5368209481239319,0.5417052507400513,-0.12268342822790146,0.5060828924179077,0.49826955795288086,-0.2828510105609894,0.5704900622367859,0.5992745161056519,-0.32498645782470703,0.6209602355957031,0.6620060205459595,-0.3172314763069153,0.42880508303642273,0.5716627836227417,-0.12000714987516403,0.392643004655838,0.5343061089515686,-0.26713165640830994,0.4796466529369354,0.6163021326065063,-0.2771010398864746,0.5500057339668274,0.6734800338745117,-0.24159827828407288,0.3359467387199402,0.6048388481140137,-0.12724165618419647,0.23192811012268066,0.5333715081214905,-0.2124064564704895,0.16240322589874268,0.4932692348957062,-0.23650255799293518,0.09464678168296814,0.4499088227748871,-0.23474812507629395,Y
0.6315993666648865,0.6595875024795532,-1.667379251557577e-06,0.7540236115455627,0.6023222804069519,-0.12907737493515015,0.8357454538345337,0.5267455577850342,-0.1941051185131073,0.8601973056793213,0.45611515641212463,-0.24789845943450928,0.872405469417572,0.400637686252594,-0.2822178602218628,0.6333163976669312,0.4517265558242798,-0.15151269733905792,0.5763126015663147,0.4209914803504944,-0.2749274671077728,0.6135687232017517,0.5022710561752319,-0.3215240240097046,0.6484270691871643,0.5536050200462341,-0.3288058340549469,0.5198259949684143,0.47321420907974243,-0.1289091855287552,0.47935861349105835,0.45403578877449036,-0.2795869708061218,0.5505214929580688,0.5424817204475403,-0.3172611594200134,0.597048819065094,0.5813789367675781,-0.3132905662059784,0.4257165789604187,0.5035964846611023,-0.12332707643508911,0.37643465399742126,0.48846855759620667,-0.25836828351020813,0.46646273136138916,0.5590377449989319,-0.26175522804260254,0.5413905382156372,0.6010297536849976,-0.2291513979434967,0.3546081483364105,0.5395721197128296,-0.12746365368366241,0.25453293323516846,0.4783344268798828,-0.20716220140457153,0.1882992684841156,0.4487018287181854,-0.2278371900320053,0.12495118379592896,0.41528162360191345,-0.22618959844112396,Y
0.48954033851623535,0.6661200523376465,-6.732846600243647e-07,0.5641347765922546,0.578190803527832,-0.021238047629594803,0.6122457385063171,0.47698768973350525,-0.034690119326114655,0.6609031558036804,0.39523738622665405,-0.0553445965051651,0.7077624797821045,0.35623064637184143,-0.07222471386194229,0.4598484933376312,0.4111231565475464,0.005317415110766888,0.42001429200172424,0.31448689103126526,-0.045839302241802216,0.4515465795993805,0.36084994673728943,-0.08219107240438461,0.48224881291389465,0.4208068549633026,-0.09454851597547531,0.3997989892959595,0.4370301365852356,-0.00558422552421689,0.35959291458129883,0.34302228689193726,-0.06536506861448288,0.40690484642982483,0.4012908339500427,-0.09950535744428635,0.4470994174480438,0.4612591564655304,-0.10700783133506775,0.3447943329811096,0.4678795337677002,-0.023432577028870583,0.293905109167099,0.37139931321144104,-0.06722389906644821,0.3429442048072815,0.41908472776412964,-0.07543041557073593,0.38980191946029663,0.47058796882629395,-0.06708212941884995,0.29479601979255676,0.5068333148956299,-0.0447533093392849,0.22831015288829803,0.44655442237854004,-0.060727935284376144,0.19567982852458954,0.40309441089630127,-0.0643455907702446,0.17169632017612457,0.35805419087409973,-0.06286539882421494,Y
0.4122031331062317,0.6563003063201904,-9.310649033977825e-07,0.4886057376861572,0.5792423486709595,-0.02314262092113495,0.5286319255828857,0.4867251217365265,-0.037585508078336716,0.5661462545394897,0.41637513041496277,-0.05750533938407898,0.6085624694824219,0.3819674551486969,-0.07146880775690079,0.38526588678359985,0.4371969401836395,-0.019973210990428925,0.3517250716686249,0.35388538241386414,-0.07218378782272339,0.3907136619091034,0.4034464955329895,-0.09921049326658249,0.42438238859176636,0.4565306305885315,-0.10491994023323059,0.3243195414543152,0.46239206194877625,-0.028422478586435318,0.30529385805130005,0.3978060781955719,-0.09545797109603882,0.3608417510986328,0.46216973662376404,-0.120699942111969,0.3979853391647339,0.5127508044242859,-0.12178725749254227,0.26673704385757446,0.49012863636016846,-0.042688749730587006,0.21998316049575806,0.4133591949939728,-0.09177132695913315,0.27774131298065186,0.4584551155567169,-0.09362467378377914,0.3265502452850342,0.5010188221931458,-0.08070417493581772,0.21486005187034607,0.5235556960105896,-0.06004722788929939,0.14569330215454102,0.46820536255836487,-0.08169111609458923,0.10598543286323547,0.429660826921463,-0.08591558039188385,0.07314464449882507,0.3883368670940399,-0.08401293307542801,Y
0.5199787616729736,0.7502405047416687,-1.091806439035281e-06,0.6006671190261841,0.6785320043563843,-0.041441723704338074,0.6480562686920166,0.5756605267524719,-0.06355971097946167,0.6920812129974365,0.49690163135528564,-0.08937473595142365,0.7444729804992676,0.4531051516532898,-0.10554656386375427,0.4994763731956482,0.5213010311126709,-0.0315810851752758,0.4763047695159912,0.45806580781936646,-0.09135264158248901,0.5104717016220093,0.5231052041053772,-0.11870694905519485,0.5395675301551819,0.572087287902832,-0.12286170572042465,0.4245806634426117,0.544101357460022,-0.03302128240466118,0.4087526500225067,0.4986622929573059,-0.1083906963467598,0.46694621443748474,0.574020266532898,-0.1290925294160843,0.5052602291107178,0.6220086812973022,-0.12402627617120743,0.35694655776023865,0.5685064792633057,-0.04303069785237312,0.3186160922050476,0.506130576133728,-0.10246235132217407,0.3824988901615143,0.5665779113769531,-0.09816748648881912,0.4326596260070801,0.6150873303413391,-0.07576026022434235,0.29816001653671265,0.5967108607292175,-0.05794943496584892,0.2283673882484436,0.5291807055473328,-0.08309505879878998,0.18650256097316742,0.48332539200782776,-0.08528515696525574,0.15071716904640198,0.43525880575180054,-0.07895591109991074,Y
0.46687906980514526,0.7225278615951538,-1.1103090855613118e-06,0.5520530939102173,0.6491957902908325,-0.04103691503405571,0.6003075242042542,0.550900399684906,-0.06521353870630264,0.6447444558143616,0.4740537703037262,-0.09207503497600555,0.6957712173461914,0.4340907335281372,-0.11113902926445007,0.4408535659313202,0.5031285881996155,-0.04209564998745918,0.4083561301231384,0.43649253249168396,-0.10294467955827713,0.4452809691429138,0.49380406737327576,-0.1339547336101532,0.47960364818573,0.542868435382843,-0.14253512024879456,0.37022748589515686,0.5317472219467163,-0.043525420129299164,0.34854552149772644,0.48165225982666016,-0.11520040780305862,0.4089905619621277,0.5503596067428589,-0.1366538256406784,0.4493655562400818,0.5944908857345581,-0.13627783954143524,0.3055489957332611,0.5625066757202148,-0.05267323926091194,0.25742876529693604,0.49833619594573975,-0.11003021895885468,0.3257497549057007,0.5520458817481995,-0.10839293897151947,0.38205385208129883,0.5966897010803223,-0.09190117567777634,0.24959397315979004,0.5979498028755188,-0.0664111077785492,0.16175289452075958,0.5468801259994507,-0.09572377800941467,0.1042720377445221,0.5117101669311523,-0.10308559983968735,0.05310085415840149,0.4692738950252533,-0.10273770242929459,Y
0.5106968283653259,0.6965605020523071,-1.5061303884067456e-06,0.6305934190750122,0.6341737508773804,-0.06538970023393631,0.7057638168334961,0.5513477325439453,-0.09734240174293518,0.7612744569778442,0.4772365689277649,-0.1318613737821579,0.7886006832122803,0.41901278495788574,-0.1545170098543167,0.5415557622909546,0.4874093532562256,-0.03870319947600365,0.5351575016975403,0.44303587079048157,-0.12444931268692017,0.5493614077568054,0.5045633316040039,-0.169341042637825,0.5605430006980896,0.5556392669677734,-0.17992858588695526,0.4464784264564514,0.4987284541130066,-0.03717866539955139,0.4366891384124756,0.4592819809913635,-0.14584997296333313,0.479866087436676,0.5325206518173218,-0.1846950352191925,0.5105991959571838,0.5857821702957153,-0.18472722172737122,0.35956141352653503,0.5155834555625916,-0.049715060740709305,0.3332885205745697,0.4716182053089142,-0.14737249910831451,0.39800772070884705,0.533747673034668,-0.15817739069461823,0.4489642083644867,0.5838659405708313,-0.13597171008586884,0.282770037651062,0.5374321937561035,-0.06813550740480423,0.19165551662445068,0.4782131314277649,-0.12101708352565765,0.1342126727104187,0.43827518820762634,-0.13819341361522675,0.08383020758628845,0.39447450637817383,-0.13820256292819977,Y
0.5272143483161926,0.7080416083335876,-1.6035044154705247e-06,0.6542223691940308,0.642731785774231,-0.070869579911232,0.7262452244758606,0.554402768611908,-0.10423307120800018,0.7826825976371765,0.4763334095478058,-0.13972359895706177,0.8319540023803711,0.42042484879493713,-0.1617891639471054,0.5602228045463562,0.4851836860179901,-0.03877086937427521,0.5503956079483032,0.44142982363700867,-0.13223183155059814,0.565026044845581,0.5085797309875488,-0.1774386316537857,0.5790639519691467,0.5602297782897949,-0.18609146773815155,0.4626770317554474,0.49996235966682434,-0.037391819059848785,0.4469100832939148,0.45512208342552185,-0.15678726136684418,0.4913365840911865,0.5355387926101685,-0.19426372647285461,0.5250731110572815,0.5899590253829956,-0.18883563578128815,0.37591198086738586,0.5210455656051636,-0.05179135501384735,0.344216525554657,0.47948896884918213,-0.16210387647151947,0.4107729196548462,0.5471448302268982,-0.17179186642169952,0.46317431330680847,0.5963723063468933,-0.1439693123102188,0.2996654510498047,0.5461316704750061,-0.07215647399425507,0.2031751573085785,0.4892338514328003,-0.12994392216205597,0.14170116186141968,0.4532187581062317,-0.14538711309432983,0.08661893010139465,0.41147205233573914,-0.14214098453521729,Y
0.6287046670913696,0.7434762716293335,-1.5099529946382972e-06,0.7302758693695068,0.6726195216178894,-0.06308425962924957,0.7797289490699768,0.5724210739135742,-0.09563697129487991,0.8254688382148743,0.4889460802078247,-0.13070686161518097,0.8882747888565063,0.43573200702667236,-0.15472793579101562,0.5936717391014099,0.5181556940078735,-0.04387180879712105,0.5591880679130554,0.4664516746997833,-0.12693631649017334,0.5952932834625244,0.5320976972579956,-0.16809681057929993,0.6320799589157104,0.585910439491272,-0.17839062213897705,0.49730223417282104,0.5416752099990845,-0.04584004729986191,0.4597819745540619,0.4907469153404236,-0.15406198799610138,0.5282226204872131,0.5668391585350037,-0.18976551294326782,0.5805701613426208,0.6211941242218018,-0.1869574785232544,0.4156961441040039,0.571934700012207,-0.06063161417841911,0.35545259714126587,0.520061194896698,-0.154886394739151,0.4390866458415985,0.5803678631782532,-0.16325052082538605,0.5087467432022095,0.6274064779281616,-0.14107893407344818,0.35091328620910645,0.6063507199287415,-0.08096729218959808,0.23962682485580444,0.5632185339927673,-0.1306808888912201,0.16978326439857483,0.5356752872467041,-0.14744210243225098,0.10351991653442383,0.5013170838356018,-0.14874368906021118,Y
0.610439658164978,0.7365226745605469,-1.5046765611259616e-06,0.711563766002655,0.6644082069396973,-0.06281217932701111,0.7587240934371948,0.5635043978691101,-0.09394056349992752,0.8025268316268921,0.47805899381637573,-0.1274881362915039,0.8597575426101685,0.4227288067340851,-0.1490388959646225,0.5735511779785156,0.5108509063720703,-0.0438651405274868,0.535522997379303,0.4610259532928467,-0.12736934423446655,0.5764740705490112,0.5265163779258728,-0.16572825610637665,0.6158934235572815,0.5762422680854797,-0.1733795553445816,0.47750094532966614,0.5354399085044861,-0.046682585030794144,0.4353717565536499,0.4868910014629364,-0.15723350644111633,0.5111348628997803,0.5619134306907654,-0.19101223349571228,0.5671888589859009,0.6126928925514221,-0.18634460866451263,0.3951718211174011,0.5660096406936646,-0.06268911808729172,0.3329938054084778,0.5164594054222107,-0.1598229557275772,0.4246267080307007,0.5769011974334717,-0.1663760393857956,0.4987247884273529,0.6215291619300842,-0.1424400359392166,0.3275388479232788,0.6009340882301331,-0.08420105278491974,0.21613168716430664,0.5566246509552002,-0.13375824689865112,0.14762690663337708,0.5277345180511475,-0.14914999902248383,0.08261531591415405,0.4914294183254242,-0.14962293207645416,Y
